{"stats":{"minecraft:used":{"minecraft:dirt":6},"minecraft:picked_up":{"minecraft:porkchop":4,"minecraft:wheat_seeds":5,"minecraft:dirt":6},"minecraft:mined":{"minecraft:short_grass":25,"minecraft:grass_block":6,"minecraft:fern":2},"minecraft:killed":{"minecraft:pig":2},"minecraft:dropped":{"minecraft:wheat_seeds":2},"minecraft:custom":{"minecraft:jump":48,"minecraft:time_since_rest":2364,"minecraft:damage_dealt":200,"minecraft:leave_game":2,"minecraft:play_time":2364,"minecraft:sprint_one_cm":3860,"minecraft:time_since_death":2364,"minecraft:walk_one_cm":5153,"minecraft:total_world_time":2364,"minecraft:climb_one_cm":12,"minecraft:mob_kills":2,"minecraft:fly_one_cm":4767,"minecraft:fall_one_cm":838,"minecraft:drop":2}},"DataVersion":3953}